{
  "open": {
    "min": -0.04496320311283451,
    "max": 0.046848495490825356
  },
  "close": {
    "min": -0.04308601879803,
    "max": 0.045228924800232634
  },
  "high": {
    "min": -0.0391264135507695,
    "max": 0.041662963774446775
  },
  "low": {
    "min": -0.04171922024591313,
    "max": 0.041764821422989186
  },
  "volume": {
    "min": 10.134599273499514,
    "max": 14.88808341023658
  }
}