{
  "open": {
    "min": -0.8620283091013095,
    "max": 3.358024391926688
  },
  "close": {
    "min": -0.8453237484111146,
    "max": 1.6809955151416291
  },
  "high": {
    "min": -0.8021201538855139,
    "max": 2.897196141941937
  },
  "low": {
    "min": -0.8567901187472873,
    "max": 1.8765429802156146
  },
  "volume": {
    "min": 10.0,
    "max": 2086584000.0
  }
}