{
  "is_keras_model": true,
  "open": {
    "min": -0.04649911089144336,
    "max": 0.04775045386613166
  },
  "close": {
    "min": -0.04455886679292716,
    "max": 0.04621845035514096
  },
  "high": {
    "min": -0.03984545251582312,
    "max": 0.04166669081206731
  },
  "low": {
    "min": -0.043478277008800956,
    "max": 0.043279392740178085
  },
  "volume": {
    "min": 9.984836991952589,
    "max": 15.832185340986433
  },
  "traded_value": {
    "min": -0.38079385862250165,
    "max": 0.7038425102538115
  },
  "fear_greed_index": {
    "min": 13.714285714285714,
    "max": 78.0
  }
}