{
  "open": {
    "min": -0.04910713303707459,
    "max": 0.05172415683064435
  },
  "close": {
    "min": -0.04716478719505605,
    "max": 0.049849846409745435
  },
  "high": {
    "min": -0.042372841402612535,
    "max": 0.045454575010568155
  },
  "low": {
    "min": -0.045412800199495076,
    "max": 0.04588735003203518
  },
  "volume": {
    "min": 9.588776807696428,
    "max": 15.871476823913016
  }
}