{
  "is_keras_model": true,
  "open": {
    "min": -0.049742652972579474,
    "max": 0.05213276729068661
  },
  "close": {
    "min": -0.04761908481538278,
    "max": 0.050082678648796
  },
  "high": {
    "min": -0.042976615146541775,
    "max": 0.04593643743660425
  },
  "low": {
    "min": -0.0458687269185015,
    "max": 0.04627272404684775
  },
  "volume": {
    "min": 9.508294505698567,
    "max": 15.885868467936271
  },
  "fear_greed_index": {
    "min": 13.0,
    "max": 78.0
  }
}